<?xml version="1.0" encoding="UTF-8"?>
<!-- Distinkte Sachbegriffe in Export von heute -->
<sachbegriffe xmlns:xsi="http://www.w3.org/2001/XMLSchema-instance">
    <term count="3"/>
    <term count="1">?gu</term>
    <term count="6">'au taka'ioro</term>
    <term count="1">2 Mundstücke einer Klarinette</term>
    <term count="1">adedemma</term>
    <term count="1">ageng</term>
    <term count="1">agogo</term>
    <term count="2">agongon</term>
    <term count="6">agung</term>
    <term count="3">ajaeng</term>
    <term count="2">al-'ud*</term>
    <term count="2">alto malta</term>
    <term count="1">al-ud</term>
    <term count="1">anandalahari</term>
    <term count="1">apentemma</term>
    <term count="1">arbab</term>
    <term count="1">arbajo</term>
    <term count="1">argul</term>
    <term count="3">argul asgar*</term>
    <term count="18">argul kebir*</term>
    <term count="3">atamo</term>
    <term count="2">atsimevu</term>
    <term count="2">atumpan</term>
    <term count="2">audh</term>
    <term count="1">Aufsatz für Trommelspiel</term>
    <term count="2">Aufschlaggefäß</term>
    <term count="1">Aufschlaggefäße</term>
    <term count="2">Aufschlagidiophone</term>
    <term count="43">Aufschlagplatte</term>
    <term count="18">Aufschlagröhre</term>
    <term count="3">Aufschlagstab</term>
    <term count="1">Aufschlagzunge</term>
    <term count="3">Außenspaltflöte</term>
    <term count="2">axatse</term>
    <term count="1">babatoni, one string bass</term>
    <term count="2">babendir</term>
    <term count="1">baiu malta</term>
    <term count="1">baju malta</term>
    <term count="1">bala</term>
    <term count="2">balaban</term>
    <term count="3">Balaban</term>
    <term count="1">balangie</term>
    <term count="10">balingbing</term>
    <term count="1">bam*</term>
    <term count="2">bangibang</term>
    <term count="8">bansari</term>
    <term count="1">bantula</term>
    <term count="1">bass drum</term>
    <term count="2">Bauernzither</term>
    <term count="1">baya*</term>
    <term count="18">Bechertrommel</term>
    <term count="2">Bechertrommel / Trommelstütze</term>
    <term count="11">Becken</term>
    <term count="17">Beckenspiel</term>
    <term count="1">begena</term>
    <term count="1">Behälter</term>
    <term count="6">belobat pendek</term>
    <term count="1">bendir</term>
    <term count="2">benebene</term>
    <term count="8">berimbau</term>
    <term count="4">bhuchyah*</term>
    <term count="1">bhujanga</term>
    <term count="1">bikong</term>
    <term count="1">bin</term>
    <term count="5">biwa</term>
    <term count="1">Blechblasinstrument</term>
    <term count="5">Bogen</term>
    <term count="9">Bogenharfe</term>
    <term count="4">Bogenlaute</term>
    <term count="1">bombo</term>
    <term count="1">bombo dobrador</term>
    <term count="1">bombo marcador</term>
    <term count="2">bommaa</term>
    <term count="21">bonang</term>
    <term count="38">bonang barung</term>
    <term count="40">bonang panerus</term>
    <term count="1">borazan</term>
    <term count="1">bo zhong</term>
    <term count="2">brekete</term>
    <term count="1">büchel</term>
    <term count="101">Buckelgong</term>
    <term count="3">bülbül testisi</term>
    <term count="5">bursa</term>
    <term count="1">c'angi*</term>
    <term count="1">c'onguri*</term>
    <term count="1">Cajón</term>
    <term count="2">calung</term>
    <term count="1">caracol</term>
    <term count="1">carrizo hembra</term>
    <term count="1">carrizo macho</term>
    <term count="1">carrizo prima</term>
    <term count="2">cati</term>
    <term count="1">caxixi</term>
    <term count="3">celempung</term>
    <term count="8">ceng-ceng, rincik</term>
    <term count="10">ceng-ceng kopyak</term>
    <term count="1">ch'ili</term>
    <term count="2">chabara</term>
    <term count="1">chakhe*</term>
    <term count="2">changgo</term>
    <term count="2">chap lek</term>
    <term count="3">chap yai</term>
    <term count="1">charango</term>
    <term count="3">Charango</term>
    <term count="1">Charango-Kirikincho</term>
    <term count="5">cheng</term>
    <term count="1">chi</term>
    <term count="1">chiba</term>
    <term count="1">chincuyo</term>
    <term count="4">ching</term>
    <term count="1">chinzumana</term>
    <term count="1">chunggum</term>
    <term count="3">chwago</term>
    <term count="2">ciblon</term>
    <term count="1">ciftele*</term>
    <term count="1">cinna vina</term>
    <term count="1">conka</term>
    <term count="1">cura</term>
    <term count="1">dabadaba</term>
    <term count="2">Daf</term>
    <term count="1">dagu</term>
    <term count="1">daire</term>
    <term count="1">dak*</term>
    <term count="5">daluka</term>
    <term count="6">damaru</term>
    <term count="1">dan bau*</term>
    <term count="1">dan tranh*</term>
    <term count="3">darabukka</term>
    <term count="1">davandai</term>
    <term count="2">dawuro</term>
    <term count="1">debakan</term>
    <term count="1">deblek</term>
    <term count="3">def</term>
    <term count="2">dhah*</term>
    <term count="1">dhavalashanka</term>
    <term count="2">dhimay</term>
    <term count="1">dhimayca*</term>
    <term count="3">dhol</term>
    <term count="1">dholak</term>
    <term count="1">dholki*</term>
    <term count="2">dibhinda</term>
    <term count="1">dilli düdük?</term>
    <term count="1">dilli-kaval</term>
    <term count="4">dilruba</term>
    <term count="1">dilubra</term>
    <term count="1">djembe</term>
    <term count="6">dondo</term>
    <term count="1">Doppelflöte</term>
    <term count="1">Doppelglocke</term>
    <term count="2">Doppel-Innenspaltflöte</term>
    <term count="3">Doppel-Innenspaltflöte halbgedackt mit Grifflöchern</term>
    <term count="1">Doppel-Innenspaltflöte offen, mit Grifflöchern / offen, ohne Grifflöcher</term>
    <term count="1">Doppel-Innenspaltflöte offene Innenspaltflöte mit Grifflöchern / offene
        Innenspaltflöte ohne Grifflöcher</term>
    <term count="5">Doppel-Innenspaltflöte offen mit Grifflöchern</term>
    <term count="3">Doppelklarinette</term>
    <term count="3">Doppelklarinette / Klarinette mit zylindrischer Röhre, ohne Grifflöcher</term>
    <term count="1">Doppelklarinette / Klarinette mit zylindrischer Röhre, ohne Grifflöcher /
        Klarinette mit zylindrischer Röhre gedackt mit Grifflöchern / 2 Mundstücke</term>
    <term count="1">Doppelklarinette / Klarinette mit zylindrischer Röhre, ohne Grifflöcher /
        Klarinette mit zylindrischer Röhre mit Grifflöchern / 2 Mundstücke</term>
    <term count="1">Doppelklarinette / Klarinette mit zylindrischer Röhre, ohne Grifflöcher /
        Mundstück</term>
    <term count="11">Doppelklarinette / Klarinette mit zylindrischer Röhre mit Grifflöchern</term>
    <term count="1">Doppelklarinette / Klarinette mit zylindrischer Röhre mit Grifflöchern / 2
        Mundstücke</term>
    <term count="4">Doppelklarinette / Klarinette mit zylindrischer Röhre mit Grifflöchern /
        Klarinette mit zylindrischer Röhre, ohne Grifflöcher / 2 Mundstücke</term>
    <term count="13">Doppelkonustrommel</term>
    <term count="1">Doppelpfeife einer Sackpfeife / Explosiv-Aerophone</term>
    <term count="1">Drehleier</term>
    <term count="1">Drum</term>
    <term count="5">düdük</term>
    <term count="1">düdük?</term>
    <term count="1">düdük/kavali</term>
    <term count="1">düdük/kavali?</term>
    <term count="2">düdük/kavali ?</term>
    <term count="1">duff</term>
    <term count="1">duff kebir</term>
    <term count="2">dung</term>
    <term count="2">dung kar</term>
    <term count="7">Durchschlagzungenspiel</term>
    <term count="2">dutar</term>
    <term count="1">duttar</term>
    <term count="2">dvojacka*</term>
    <term count="1">dvojgajdica,</term>
    <term count="1">dvojicka*</term>
    <term count="1">dvojkinje oder: dvojnice</term>
    <term count="9">dvojnice</term>
    <term count="5">einfellige geschlossene Bechertrommel</term>
    <term count="12">einfellige offene Bechertrommel</term>
    <term count="2">einfellige Rahmentrommel</term>
    <term count="2">einfellige Rahmentrommeln</term>
    <term count="6">einfellige Sanduhrtrommel</term>
    <term count="3">einfellige Zylindertrommel</term>
    <term count="1">einfellige Zylindertrommeln</term>
    <term count="1">Einzellängsflöte</term>
    <term count="2">ektara</term>
    <term count="1">embra</term>
    <term count="3">endere</term>
    <term count="7">endingidi</term>
    <term count="2">endongo</term>
    <term count="1">engalabi</term>
    <term count="3">engkuk, emong</term>
    <term count="1">ennanga</term>
    <term count="5">erhu</term>
    <term count="5">ese</term>
    <term count="4">esraj</term>
    <term count="2">esrar, esraj</term>
    <term count="1">Explosiv-Aerophon</term>
    <term count="4">Explosiv-Aerophone</term>
    <term count="26">Fasstrommel</term>
    <term count="55">Faßtrommel</term>
    <term count="1">Fasstrommel / Trommelschlegel</term>
    <term count="1">Faßtrommel / Trommelschlegel</term>
    <term count="12">Fasstrommelspiel</term>
    <term count="1">Fasstrommeluntersatz</term>
    <term count="1">Fastenklapper</term>
    <term count="1">Fesselstab-Reibtrommel</term>
    <term count="18">Flachgong</term>
    <term count="1">flauta</term>
    <term count="1">flauta de cana</term>
    <term count="1">Flöte</term>
    <term count="1">Flöten ohne Kernspalte</term>
    <term count="7">fujara</term>
    <term count="2">Fußrassel</term>
    <term count="1">gab*</term>
    <term count="18">gabbang</term>
    <term count="1">gabus</term>
    <term count="1">gajdica</term>
    <term count="1">gajdy</term>
    <term count="43">gambang</term>
    <term count="26">gambang kayu</term>
    <term count="2">gandang</term>
    <term count="13">gangsa</term>
    <term count="1">ganzá</term>
    <term count="3">garantung</term>
    <term count="1">gedackte</term>
    <term count="5">gedackte Einzellängsflöte mit Grifflöchern</term>
    <term count="6">gedackte Einzellängsflöte ohne Grifflöcher</term>
    <term count="8">gedackte Innenspaltflöte mit Grifflöchern</term>
    <term count="2">gedackte Innenspaltflöte ohne Grifflöcher</term>
    <term count="50">gedackte Panflöte</term>
    <term count="2">geduk</term>
    <term count="2">Gefässflöte</term>
    <term count="2">Gefäßflöte</term>
    <term count="1">Gefäßflöten</term>
    <term count="1">Gefässflötenspiel</term>
    <term count="12">Gefäßrassel</term>
    <term count="1">Gefässrasseln</term>
    <term count="3">Gegenschlaggefäße</term>
    <term count="1"> Gegenschlaggefäße</term>
    <term count="2">Gegenschlagplatte</term>
    <term count="2">Gegenschlagplatten</term>
    <term count="17">Gegenschlagrinnen oder Rinnenklappern</term>
    <term count="3">Gegenschlagröhre</term>
    <term count="2">Gegenschlagstab</term>
    <term count="1">Gegenschlagzungen</term>
    <term count="22">gembang kayu</term>
    <term count="1">gendang anakna</term>
    <term count="1">gendang indunga</term>
    <term count="2">gendang laba dawi</term>
    <term count="1">gendang laba dera</term>
    <term count="2">gender, slentem</term>
    <term count="9">genderang</term>
    <term count="7">gender barung</term>
    <term count="2">gender panembung</term>
    <term count="6">gender panerus</term>
    <term count="3">gender rambat</term>
    <term count="6">gender wayang</term>
    <term count="4">gendingan</term>
    <term count="1">genggong</term>
    <term count="2">gentorak</term>
    <term count="1">ghangli*</term>
    <term count="1">ghanta</term>
    <term count="1">ghanta*</term>
    <term count="1">ghatam</term>
    <term count="1">Ghaval</term>
    <term count="1">ghol</term>
    <term count="2">ghongad*</term>
    <term count="1">gimbal</term>
    <term count="1">gimbar</term>
    <term count="2">Gleitrassel</term>
    <term count="22">Glocke</term>
    <term count="3">Glockenspiel</term>
    <term count="5">gondang</term>
    <term count="2">gondang buluh</term>
    <term count="11">Gong</term>
    <term count="2">gong ageng</term>
    <term count="1">gongang</term>
    <term count="1">gong dera</term>
    <term count="1">gong doa I</term>
    <term count="1">gong doa II</term>
    <term count="9">Gong für Gongspiel</term>
    <term count="1">Gonghalter</term>
    <term count="6">Gongschlegel</term>
    <term count="183">Gongspiel</term>
    <term count="2">Gongständer</term>
    <term count="1">gong uto</term>
    <term count="1">gong wela</term>
    <term count="2">goong</term>
    <term count="1">gopi yantra</term>
    <term count="4">Gosha naghara</term>
    <term count="6">grantang</term>
    <term count="2">grap saypha</term>
    <term count="1">Großes Gongspiel</term>
    <term count="3">guan</term>
    <term count="3">gulu</term>
    <term count="5">gumanak</term>
    <term count="10">gusle</term>
    <term count="5">gya ling</term>
    <term count="1">haegum</term>
    <term count="2">Halber Rahmen eines Fasstrommelspiels</term>
    <term count="2">Halber Rahmen eines Trommelspiels</term>
    <term count="9">halbgedackte Einzellängsflöte mit Grifflöchern</term>
    <term count="34">halbgedackte Innenspaltflöte mit Grifflöchern</term>
    <term count="1">halbgedackte Innenspaltflöte mit Grifflöchern / halbgedackte Innenspaltflöte
        ohne Grifflöcher</term>
    <term count="1">halbgedackte Innenspaltflöte ohne Grifflöcher</term>
    <term count="1">Halslaute</term>
    <term count="4">Hämmer</term>
    <term count="5">Handbecken</term>
    <term count="1">Handklapper</term>
    <term count="1">Harfe</term>
    <term count="1">Harfenlaute</term>
    <term count="1">Harp-lute</term>
    <term count="1">hasapi</term>
    <term count="1">heterochorder Musikbogen</term>
    <term count="1">heteroglotte Maultrommel</term>
    <term count="1">Heteroglotte Maultrommeln</term>
    <term count="3">hichiriki</term>
    <term count="4">hne</term>
    <term count="1">Holzglocke</term>
    <term count="1">Holzglockenspiel mit Fußtrommel</term>
    <term count="2">huajras</term>
    <term count="1">hun</term>
    <term count="1">husapi</term>
    <term count="1">hyang p'iri</term>
    <term count="1">hyang-pip'a</term>
    <term count="1">ichigen-kin</term>
    <term count="25">Idiochorde Vollröhrenzither</term>
    <term count="5">idioglotte Maultrommel</term>
    <term count="1">Idioglotte Maultrommel</term>
    <term count="1">Idioglotte Maultrommel / Behälter für Maultrommel</term>
    <term count="4">Idioglotte Maultrommeln</term>
    <term count="1">ikembe</term>
    <term count="28">Innenspaltflöte</term>
    <term count="2">Innenspaltflöte / offene Innenspaltflöte mit Grifflöchern</term>
    <term count="1">Innenspaltflötenspiel / offene Innenspaltflöte mit Grifflöchern / halbgedackte
        Innenspaltflöte ohne Grifflöcher</term>
    <term count="1">jakdak-ulul</term>
    <term count="1">jakjak-ulul</term>
    <term count="1">jantu</term>
    <term count="2">jatun tukana</term>
    <term count="1">jedinka</term>
    <term count="2">jegogan</term>
    <term count="1">jembe</term>
    <term count="8">jengglong</term>
    <term count="2">jhalica</term>
    <term count="1">jhalica*</term>
    <term count="1">Jing</term>
    <term count="8">julajula</term>
    <term count="1">kabaro</term>
    <term count="1">kagan</term>
    <term count="3">kajar</term>
    <term count="1">kalenang</term>
    <term count="1">kalimba</term>
    <term count="2">kamaica</term>
    <term count="1">kamaica*</term>
    <term count="2">Kamanche</term>
    <term count="10">kang ling</term>
    <term count="1">kangsi</term>
    <term count="1">kanjira</term>
    <term count="1">kantabadaba*</term>
    <term count="3">kantadabadaba*</term>
    <term count="4">kantilan</term>
    <term count="6">kantilan jongkok</term>
    <term count="1">kantilan jonkok</term>
    <term count="6">kanun</term>
    <term count="4">karatali</term>
    <term count="4">kartal</term>
    <term count="1">kasik</term>
    <term count="1">Kastagnetten</term>
    <term count="1">Kastenbaß</term>
    <term count="7">Kastenhalslaute</term>
    <term count="1">Kastenhalslaute mit Streichbogen</term>
    <term count="1">Kastenleier</term>
    <term count="6">Kastenspießlaute</term>
    <term count="3">Kastenspießlaute mit Streichbogen</term>
    <term count="54">Kastenzither</term>
    <term count="3">kaval ?</term>
    <term count="1">kavali/düdük ?</term>
    <term count="2">kayagum</term>
    <term count="19">kecape indung cianj.</term>
    <term count="17">kecapi rincik cianj.</term>
    <term count="2">kecskemét</term>
    <term count="3">kelenang</term>
    <term count="1">kelmas</term>
    <term count="1">kemence</term>
    <term count="12">kemence*</term>
    <term count="3">kemong</term>
    <term count="23">kempul</term>
    <term count="4">kempur</term>
    <term count="6">kempyang</term>
    <term count="1">kenang</term>
    <term count="15">kendang</term>
    <term count="3">kendang indung</term>
    <term count="35">kenong</term>
    <term count="4">kenong japang</term>
    <term count="6">kenyir</term>
    <term count="4">Kerbflöte</term>
    <term count="1">Kerbflöte / offene Längsflöte mit Grifflöchern</term>
    <term count="5">Kerbstegharfe</term>
    <term count="1">Kernspaltflöte</term>
    <term count="9">Kesseltrommel</term>
    <term count="2">Kesseltrommelspiel</term>
    <term count="2">Kesseltrommelspiele</term>
    <term count="4">kete</term>
    <term count="2">keteng-keteng</term>
    <term count="2">ketipung</term>
    <term count="7">ketuk</term>
    <term count="3">khaen*</term>
    <term count="1">khaijari</term>
    <term count="1">khalam</term>
    <term count="1">khawng mon lek</term>
    <term count="1">khawng mon yai</term>
    <term count="6">khawng rao</term>
    <term count="1">khéne</term>
    <term count="1">khène</term>
    <term count="2">khlui lip*</term>
    <term count="5">khlui u*</term>
    <term count="1">kidi</term>
    <term count="3">kisir</term>
    <term count="1">kl. kagan</term>
    <term count="1">Klappern</term>
    <term count="33">Klarinette</term>
    <term count="4">Klarinette mit konischer Röhre mit Grifflöchern</term>
    <term count="1">Klarinette mit zylindrischer Röhre, ohne Grifflöcher</term>
    <term count="7">Klarinette mit zylindrischer Röhre mit Grifflöchern</term>
    <term count="2">Klarinette mit zylindrischer Röhre mit Grifflöchern / Mundstück</term>
    <term count="5">Klarinettenspiel</term>
    <term count="1">Kleines Gongspiel</term>
    <term count="1">klengkleng</term>
    <term count="4">Klöppelglocke</term>
    <term count="1">Koffer für eine Langhalslaute</term>
    <term count="1">Koffer für eine Rahmentrommel</term>
    <term count="1">Koffer für Wölbbrettzither</term>
    <term count="1">Koffer Wölbbrettzither</term>
    <term count="1">kolitong</term>
    <term count="33">kombiniert offene und gedackte Panflöten</term>
    <term count="1">komun'go</term>
    <term count="2">koncovka</term>
    <term count="1">kondi</term>
    <term count="1">Kongoma</term>
    <term count="2">konkovka</term>
    <term count="38">Konustrommel</term>
    <term count="1">Konustrommeln</term>
    <term count="1">Konustrommeln / Schlaghölzer für Trommel</term>
    <term count="6">kora</term>
    <term count="1">kori</term>
    <term count="4">koto</term>
    <term count="3">krar</term>
    <term count="1">kroboto</term>
    <term count="1">krobotzi</term>
    <term count="1">kubing</term>
    <term count="5">kuding</term>
    <term count="1">kudlongan</term>
    <term count="1">kudlungan</term>
    <term count="2">Kudu</term>
    <term count="1">kudyapi</term>
    <term count="1">kudyapi, kusyapi</term>
    <term count="2">kulanter</term>
    <term count="37">kulintang</term>
    <term count="1">kulliteng</term>
    <term count="1">kulpaci</term>
    <term count="4">kundu</term>
    <term count="2">Kurzhalslaute</term>
    <term count="1">kvakhi</term>
    <term count="1">kvakhica</term>
    <term count="21">kye waing</term>
    <term count="3">kyobanggo</term>
    <term count="4">lakita</term>
    <term count="1">lakita ch'ili</term>
    <term count="4">lakita jacha</term>
    <term count="7">lakita liku</term>
    <term count="2">lalakhi*</term>
    <term count="2">lalakhi* + naykhyka*</term>
    <term count="1">Lamellaphone kongoma</term>
    <term count="18">Lamellophon</term>
    <term count="1">Lamellophon / Zupfidiophon mit Resonator</term>
    <term count="4">Langhalslaute</term>
    <term count="16">Längsflöte</term>
    <term count="1">Längsflöte / offene Längsflöte mit Grifflöchern</term>
    <term count="1">Längsflötenspiele oder Panflöten</term>
    <term count="6">Längshorn</term>
    <term count="8">Längshorn ohne Mundstück</term>
    <term count="1"> Längshorn ohne Mundstück</term>
    <term count="42">Längstrompete</term>
    <term count="1">Längstrompeten</term>
    <term count="1">Längstuba</term>
    <term count="1">larcemi*</term>
    <term count="1">launeddas</term>
    <term count="4">Laute</term>
    <term count="1">lavta</term>
    <term count="1">lesiba</term>
    <term count="2">libbit</term>
    <term count="2">lirica</term>
    <term count="1">llg'ase</term>
    <term count="1">llg'gase</term>
    <term count="1">Lokanga</term>
    <term count="2">luo</term>
    <term count="2">madal</term>
    <term count="1">madal*</term>
    <term count="1">mahali*</term>
    <term count="1">mala</term>
    <term count="1">malá fujara</term>
    <term count="3">maliche</term>
    <term count="1">mama</term>
    <term count="4">mamalala</term>
    <term count="7">masenqo</term>
    <term count="1">matraca</term>
    <term count="5">Maultrommel</term>
    <term count="10">Maultrommel, heteroglott</term>
    <term count="4">Maultrommel, idioglott</term>
    <term count="1">maung</term>
    <term count="7">maung saing</term>
    <term count="3">mazhar</term>
    <term count="1">medium</term>
    <term count="1">Melodiepfeife einer Sackpfeife / Explosiv-Aerophone</term>
    <term count="6">mendzan*</term>
    <term count="199">Metallophon</term>
    <term count="1"> Metallophon</term>
    <term count="1">Metallophone</term>
    <term count="9">mgba</term>
    <term count="1">mini-caña</term>
    <term count="4">mizmar*</term>
    <term count="2">mizmar kebir*</term>
    <term count="1">mizwig</term>
    <term count="4">mizwij</term>
    <term count="8">mohoceño</term>
    <term count="1">Mondlaute</term>
    <term count="1">Mrdangam</term>
    <term count="2">mrdangam*</term>
    <term count="1">mugu</term>
    <term count="10">Mundorgel</term>
    <term count="1">Mundstück für Oboe</term>
    <term count="1">murchanga*</term>
    <term count="13">Musikbogen</term>
    <term count="3">Musikstab</term>
    <term count="1">Musikstab mit mehreren Resonanzkalebassen</term>
    <term count="2">mu yü</term>
    <term count="1">nabal</term>
    <term count="2">nagara</term>
    <term count="4">nagara*</term>
    <term count="3">nagasvaram</term>
    <term count="1">nagaswaram*</term>
    <term count="1">nag-beli-baja*</term>
    <term count="1">nambongo</term>
    <term count="1">napiri</term>
    <term count="5">narsinga*</term>
    <term count="7">nay*</term>
    <term count="2">naykhi*</term>
    <term count="2">ndingo</term>
    <term count="1">nengnong</term>
    <term count="5">ney</term>
    <term count="1">ngamo</term>
    <term count="1">ngana</term>
    <term count="1">ngoma</term>
    <term count="5">nodo</term>
    <term count="1">nohkan</term>
    <term count="1">ntja'ntúbá</term>
    <term count="1">nyamalwa</term>
    <term count="18">Oboe</term>
    <term count="30">Oboe mit konischer Röhre mit Grifflöchern</term>
    <term count="1">Oboe mit konischer Röhre mit Grifflöchern / 2 Mundstücke</term>
    <term count="1">Oboe mit konischer Röhre mit Grifflöchern / Mundstrück mit Rohrblatt</term>
    <term count="1">Oboe mit konischer Röhre mit Grifflöchern / Mundstück</term>
    <term count="2">Oboe mit konischer Röhre mit Grifflöchern / Mundstück mit Rohrblatt</term>
    <term count="1">Oboe mit konischer Röhre mit Grifflöchern / Mundstückschutzhaube</term>
    <term count="1">Oboe mit konischer Röhre mit Grifflöchern / Oboenfuß</term>
    <term count="1">Oboe mit konischer Röhre mit Grifflöchern und Mundstück</term>
    <term count="1">Oboe mit konischer Röhre ohne Grifflöcher</term>
    <term count="6">Oboe mit zylindrischer Röhre mit Grifflöchern</term>
    <term count="1">Oboe mit zylindrischer Röhre mit Grifflöchern / Mundstückaufsatz</term>
    <term count="1">Oboe mit zylindrischer Röhre mit Grifflöchern / Rohrblatt</term>
    <term count="1">Oboenfuß</term>
    <term count="1">Oboenfuß / Oboe mit konischer Röhre</term>
    <term count="4">Oboenfuß / Oboe mit konischer Röhre mit Grifflöchern</term>
    <term count="1">Oboenrohrblatt</term>
    <term count="1">Oboenrohrblatt / Oboe mit zylindrischer Röhre mit Grifflöchern</term>
    <term count="1">offene, einfellige Zylindertrommel</term>
    <term count="25">offene Außenspaltflöte mit Grifflöchern</term>
    <term count="59">offene Innenspaltflöte mit Grifflöchern</term>
    <term count="3">offene Innenspaltflötenspiele</term>
    <term count="3">offene Innenspaltflöte ohne Grifflöcher</term>
    <term count="8">offene Längsflöte</term>
    <term count="1">offene Längsflöte / Holzbehälter</term>
    <term count="44">offene Längsflöte mit Grifflöchern</term>
    <term count="1">offene Längsflöte ohne Grifflöcher</term>
    <term count="2">offene Querflöte</term>
    <term count="8">offene Querflöte mit Grifflöchern</term>
    <term count="1">offenes Innenspaltflötenspiel</term>
    <term count="1">offenes Innenspaltflötenspiel mit Grifflöchern</term>
    <term count="2">orgo</term>
    <term count="1">otsuzumi</term>
    <term count="4">ozi</term>
    <term count="1">p'anduri</term>
    <term count="2">p'ulu</term>
    <term count="2">pachima*</term>
    <term count="1">pagang</term>
    <term count="1">paiban</term>
    <term count="1">paixiao</term>
    <term count="2">pak</term>
    <term count="3">paldong</term>
    <term count="1">palikowá pistala*</term>
    <term count="2">palipal</term>
    <term count="2">pambai</term>
    <term count="2">pandaopan, garagara</term>
    <term count="1">pandeiro</term>
    <term count="17">panerus</term>
    <term count="11">Panflöte</term>
    <term count="1">Panflöte / gedackte Panflöte</term>
    <term count="6">pat</term>
    <term count="12">patanggok</term>
    <term count="12">patektek</term>
    <term count="1">pati</term>
    <term count="2">pat mah</term>
    <term count="4">pattala</term>
    <term count="1">pattung</term>
    <term count="49">pat waing</term>
    <term count="1">pava*, basari*</term>
    <term count="1">pavi*, basari*</term>
    <term count="1">penten</term>
    <term count="4">penyacah</term>
    <term count="6">penyacah jongkok</term>
    <term count="2">penyacah jonkok</term>
    <term count="9">perng mang khok</term>
    <term count="5">phin phía</term>
    <term count="2">pifaro/pifano</term>
    <term count="1">pi mon</term>
    <term count="2">pincullo</term>
    <term count="14">pinkillo</term>
    <term count="1">pipa</term>
    <term count="3">pi phat mon</term>
    <term count="1">pistala*</term>
    <term count="3">pistala vybigana*</term>
    <term count="1">pito</term>
    <term count="1">pito de cana</term>
    <term count="1">piyapi</term>
    <term count="1">Plektrum zu einer Schalenhalslaute</term>
    <term count="3">Podest für Gongspiel</term>
    <term count="2">pong</term>
    <term count="1">pujamahali*</term>
    <term count="4">pusipia</term>
    <term count="1">pututu</term>
    <term count="2">qatchel</term>
    <term count="1">qin</term>
    <term count="1">quatro</term>
    <term count="9">quena</term>
    <term count="1">quena lichiwaku</term>
    <term count="36">Querflöte</term>
    <term count="8">Querhorn</term>
    <term count="5">Quertrompete</term>
    <term count="12">qurma</term>
    <term count="1">rabab</term>
    <term count="1">rabab, rubab</term>
    <term count="2">rababa*</term>
    <term count="2">rag-dung</term>
    <term count="1">Rahmenharfe</term>
    <term count="7">Rahmenrassel</term>
    <term count="2">Rahmenrasseln</term>
    <term count="22">Rahmentrommel</term>
    <term count="3">Rahmentrommel, einfellig</term>
    <term count="1">Rahmentrommeln</term>
    <term count="1">ranat ayk*</term>
    <term count="2">ranat thum*</term>
    <term count="1">ran dung</term>
    <term count="3">Rasseltrommel</term>
    <term count="3">Ratsche</term>
    <term count="1">ravanahata</term>
    <term count="15">rebab</term>
    <term count="3">rebaba*</term>
    <term count="8">rebab cianjuran</term>
    <term count="2">recoreco</term>
    <term count="3">reco-reco</term>
    <term count="1">Reibgefäß</term>
    <term count="1">Reibidiophone</term>
    <term count="2">Reibinstrument</term>
    <term count="1">Reihenrasseln</term>
    <term count="2">repinique</term>
    <term count="1">Resonanzschale für Leier</term>
    <term count="9">rincik</term>
    <term count="4">Rinnenklapper</term>
    <term count="4">riqq</term>
    <term count="1">Rohrblatt</term>
    <term count="1">Rohrblatt / Oboe mit zylindrischer Röhre mit Grifflöchern</term>
    <term count="1">Rohrblatt + Einsatz für Shahnai</term>
    <term count="1">Röhre einer Spießlaute</term>
    <term count="4">Röhrenlaute</term>
    <term count="1">Röhrenlaute mit Streichbogen</term>
    <term count="14">Röhrenspießlaute</term>
    <term count="3">Röhrenspießlaute mit Streichbogen</term>
    <term count="1">Röhrentrommeln</term>
    <term count="6">Röhrenzither</term>
    <term count="1">Röhrenzitherschlegel</term>
    <term count="1">rondador</term>
    <term count="2">rubab</term>
    <term count="1">rubab*</term>
    <term count="1">rudra vina</term>
    <term count="1">rudra vina*</term>
    <term count="1">ruisenor</term>
    <term count="3">s'ludoy</term>
    <term count="1">Sackpfeife / Explosiv-Aerophon</term>
    <term count="4">Sackpfeife / Explosiv-Aerophone</term>
    <term count="1">Sackpfeife / gedackte</term>
    <term count="4">sagat*</term>
    <term count="3">Saitenhalter für Stabzither</term>
    <term count="7">salamiya*</term>
    <term count="1">salamuri</term>
    <term count="1">sanai*</term>
    <term count="25">Sanduhrtrommel</term>
    <term count="1">Sanduhrtrommeln</term>
    <term count="4">sangad*</term>
    <term count="2">sanje</term>
    <term count="2">sanka</term>
    <term count="2">sanqiaoban</term>
    <term count="4">santur</term>
    <term count="1">sáo</term>
    <term count="1">sapeh</term>
    <term count="11">sarangi</term>
    <term count="4">sarinda</term>
    <term count="1">sarki*</term>
    <term count="2">sarod</term>
    <term count="18">saron</term>
    <term count="10">saron barung</term>
    <term count="30">saron demung</term>
    <term count="16">saron panerus</term>
    <term count="15">saron peking</term>
    <term count="30">saron ricik</term>
    <term count="8">saron slentem</term>
    <term count="12">sarunai</term>
    <term count="2">sarunai buluh</term>
    <term count="1">Sas</term>
    <term count="2">saung-gauk</term>
    <term count="1">saùng-gauk</term>
    <term count="1">saung kauk</term>
    <term count="2">sausi</term>
    <term count="6">saw duang</term>
    <term count="3">saw u</term>
    <term count="3">saz</term>
    <term count="123">Schalenhalslaute</term>
    <term count="1">Schalenhalslaute / Streichbogen</term>
    <term count="5">Schalenhalslaute mit Streichbogen</term>
    <term count="5">Schalenhalslauten</term>
    <term count="12">Schalenleier</term>
    <term count="8">Schalenpießlaute</term>
    <term count="2">Schalenspiesslaute</term>
    <term count="23">Schalenspießlaute</term>
    <term count="5">Schalenspießlaute mit Streichbogen</term>
    <term count="1">Schallbecher / Längshorn ohne Mundstück</term>
    <term count="46">Schlagbecken</term>
    <term count="13">Schlaghölzer für Trommel</term>
    <term count="16">Schlagplattenspiel</term>
    <term count="16">Schlagplattenspiele</term>
    <term count="1">Schlagröhrenspiel</term>
    <term count="3">Schlagstabspiel</term>
    <term count="3">Schlagstabspiele</term>
    <term count="4">Schlagstock einer Sanduhrtrommel</term>
    <term count="11">Schlegel</term>
    <term count="2">Schlegel einer Faßtrommel</term>
    <term count="1">Schlegel einer Kastenzither</term>
    <term count="5">Schlegel einer Zylindertrommel</term>
    <term count="1">Schlegel eines Flachgongs</term>
    <term count="3">Schlegel für Buckelgong</term>
    <term count="7">Schlegel für Metallophon</term>
    <term count="2">Schlegel für Metallophon/ Gongspiel</term>
    <term count="5">Schlitztrommel</term>
    <term count="2">Schneckentrompete</term>
    <term count="1">Schneckentrompete mit endständigem Mundloch</term>
    <term count="1">Schneckentrompete mit Mundstück</term>
    <term count="3">Schnurrassel</term>
    <term count="1">Schnurreibtrommel</term>
    <term count="3">Schraper</term>
    <term count="1">Schrapröhre</term>
    <term count="1">Schrapröhren</term>
    <term count="1">segbura, shengureh</term>
    <term count="1">selbständige Aufschlagröhre</term>
    <term count="1">selbständiger Aufschlagstab</term>
    <term count="1">selbstständige Gong</term>
    <term count="4">selbstständige Kesseltrommel</term>
    <term count="6">selbstständige Kesseltrommeln</term>
    <term count="1">semsemiya*</term>
    <term count="2">se p'iri</term>
    <term count="1">seperewa</term>
    <term count="1">setar</term>
    <term count="2">Setar</term>
    <term count="1">setar de rebab</term>
    <term count="4">setinkane</term>
    <term count="1">sgra-snyga</term>
    <term count="3">shahnai</term>
    <term count="1">shakuhachi</term>
    <term count="3">sheng</term>
    <term count="1">shila-shila</term>
    <term count="1">shinobue</term>
    <term count="1">shô</term>
    <term count="2">sichyah</term>
    <term count="2">sicu chchuli</term>
    <term count="2">sicu malta</term>
    <term count="2">sicu sanca</term>
    <term count="1">sikuras</term>
    <term count="2">sikuras liku</term>
    <term count="2">sikuras tarke</term>
    <term count="3">silnen*</term>
    <term count="6">sitar</term>
    <term count="1">Sitar</term>
    <term count="2">sitar*</term>
    <term count="1">sitolotolo</term>
    <term count="1">Skrabalas</term>
    <term count="4">slowli</term>
    <term count="1">so</term>
    <term count="2">só</term>
    <term count="3">soge</term>
    <term count="1">sogo</term>
    <term count="1">sogum</term>
    <term count="2">songlang</term>
    <term count="2">sordam</term>
    <term count="1">Spalt-Gefässflöte mit Grifflöchern</term>
    <term count="1">Spießgeige</term>
    <term count="1">Stabklapper</term>
    <term count="4">Stabrassel</term>
    <term count="1">Stab-Reibtrommel</term>
    <term count="2">Stabzither</term>
    <term count="6">Stampfröhre</term>
    <term count="1">Ständer für eine Bogenharfe</term>
    <term count="1">Ständer für einen Buckelgong</term>
    <term count="6">Ständer für Fasstrommel</term>
    <term count="2">Ständer für Faßtrommel</term>
    <term count="9">Ständer für Gongspiel</term>
    <term count="3">Ständer für Wölbbrettzither</term>
    <term count="1">Standfuß für Trommelspiel</term>
    <term count="1">Standglocke</term>
    <term count="2">Statuetten / Gegenschlaggefäße</term>
    <term count="1">Steeldrum</term>
    <term count="2">Steelpan</term>
    <term count="6">Stegharfe</term>
    <term count="1">Steinplatte</term>
    <term count="1">Steinspiel</term>
    <term count="2">Stimm-Klangfilter</term>
    <term count="3">Streichbogen</term>
    <term count="10">Streichbogen einer Schalenhalslaute</term>
    <term count="2">Streichbogen einer Schalenspießlaute</term>
    <term count="1">Streichbogen für Wölbbrettzither</term>
    <term count="2">Streichinstrument</term>
    <term count="2">suli</term>
    <term count="1">sulibao</term>
    <term count="4">sulim</term>
    <term count="14">suling</term>
    <term count="2">suling cianjuran</term>
    <term count="4">suling degung</term>
    <term count="6">suling gambuh</term>
    <term count="2">suona</term>
    <term count="1">surbahar*</term>
    <term count="5">surdam biasa</term>
    <term count="1">surdam cingkas</term>
    <term count="8">surdo</term>
    <term count="2">surmanjali</term>
    <term count="1">sursrngar*</term>
    <term count="1">suwukan</term>
    <term count="1">suwukan pelog</term>
    <term count="2">suwukan slendro</term>
    <term count="1">svirala, frula</term>
    <term count="1">tabla</term>
    <term count="13">tablatarang</term>
    <term count="2">tabl baladi*</term>
    <term count="1">taegum</term>
    <term count="1">taep'yongso</term>
    <term count="2">tah*</term>
    <term count="2">tahca*</term>
    <term count="1">tajeraste-Kastagn.</term>
    <term count="1">tajeraste-Trommel</term>
    <term count="2">takumbe*</term>
    <term count="2">talam</term>
    <term count="2">tamale</term>
    <term count="12">tambi</term>
    <term count="1">tambor</term>
    <term count="1">tamborim</term>
    <term count="1">tambor wankarita</term>
    <term count="2">tambur</term>
    <term count="1">tambura</term>
    <term count="1">tambuyuk</term>
    <term count="1">tam-tam</term>
    <term count="1">Tam-tam</term>
    <term count="1">tamva, tunumukhu</term>
    <term count="6">tanbur</term>
    <term count="1">tanggetong</term>
    <term count="1">tanggu/tonggu</term>
    <term count="3">tang p'iri</term>
    <term count="2">tanpura</term>
    <term count="1">tanso</term>
    <term count="1">tapattai</term>
    <term count="2">taphon mon</term>
    <term count="2">tapon mon</term>
    <term count="2">Tar</term>
    <term count="1">tar*</term>
    <term count="1">tarawangsa</term>
    <term count="2">tarba ?</term>
    <term count="6">tarka</term>
    <term count="1">taról</term>
    <term count="1">tarompet</term>
    <term count="1">tarpa*</term>
    <term count="1">Tasche für Rasseltrommel</term>
    <term count="1">Tasche für Stabklapper</term>
    <term count="6">tassa</term>
    <term count="1">taus</term>
    <term count="2">Teil des Hsaing-Waing-Ens.</term>
    <term count="4">Teil eines Faßtrommelständers</term>
    <term count="2">Teil eines halben Rahmen eines Gongspiels</term>
    <term count="1">Tenorpan</term>
    <term count="3">thali*</term>
    <term count="4">than lvin</term>
    <term count="4">thö dam</term>
    <term count="1">thod-dam</term>
    <term count="2">tintinca</term>
    <term count="1">tititala*</term>
    <term count="3">togus</term>
    <term count="3">tongali</term>
    <term count="6">tonggatong</term>
    <term count="3">tormay*</term>
    <term count="1">touloum</term>
    <term count="1">tourterelle</term>
    <term count="2">toyos</term>
    <term count="1">Transverse Horn</term>
    <term count="1">Triangel</term>
    <term count="1">tribu</term>
    <term count="1">Trommel</term>
    <term count="8">Trommelschlegel</term>
    <term count="3">Trommelspiel</term>
    <term count="3">Trommelständer</term>
    <term count="1">Trommelstock</term>
    <term count="16">trompong</term>
    <term count="1">tro u</term>
    <term count="2">tulum</term>
    <term count="1">Tütak</term>
    <term count="4">ud</term>
    <term count="1">Ud</term>
    <term count="3">ud*</term>
    <term count="10">ukom</term>
    <term count="1">umakhweyana</term>
    <term count="1">unmittelbar geschlagene Idiophone</term>
    <term count="4">ushinarashi</term>
    <term count="2">va let kyot*</term>
    <term count="1">Valiha</term>
    <term count="1">valimba</term>
    <term count="1">vichitra vina</term>
    <term count="1">vilvile</term>
    <term count="1">vina</term>
    <term count="1">Vina</term>
    <term count="1">ViOboe mit konischer Röhre mit Grifflöchern / Mundstück mit Rohrblatt</term>
    <term count="1">viola</term>
    <term count="1">viola de cabaca*</term>
    <term count="1">viola de cocho</term>
    <term count="1">wagon</term>
    <term count="2">waji</term>
    <term count="1">waka pinkillo</term>
    <term count="2">wa-konghu</term>
    <term count="1">washint</term>
    <term count="1">washiut</term>
    <term count="1">weifellige Fasstrommel</term>
    <term count="2">Winkelharfe</term>
    <term count="31">Wölbbrettzither</term>
    <term count="1">wolgum</term>
    <term count="1">xun</term>
    <term count="180">Xylophon</term>
    <term count="1">Xylophon mit Xylophonschlegel</term>
    <term count="1">Xylophonplatten</term>
    <term count="10">Xylophonschlegel</term>
    <term count="2">ya gvin, ra gvin</term>
    <term count="3">yanggum</term>
    <term count="1">yinqing</term>
    <term count="3">yonggo</term>
    <term count="1">zambomba</term>
    <term count="1">zampona*</term>
    <term count="4">zampoña chchuli</term>
    <term count="5">zampoña mala</term>
    <term count="9">zampoña malta</term>
    <term count="1">zampona sanca</term>
    <term count="1">zampoña sanca</term>
    <term count="2">zampoña sancha</term>
    <term count="2">zampoña sanka</term>
    <term count="2">zampoña togo</term>
    <term count="1">zanza</term>
    <term count="24">zheng</term>
    <term count="4">Zither</term>
    <term count="1">Zubehör für Wölbbrettzither</term>
    <term count="1">zumarra</term>
    <term count="5">zummara*</term>
    <term count="4">Zupftrommel</term>
    <term count="6">zurna</term>
    <term count="1">zweifellige Doppelkonustrommel</term>
    <term count="2">zweifellige Fasstrommel</term>
    <term count="1">zweifellige Fasstrommeln</term>
    <term count="5">zweifellige Rahmentrommel</term>
    <term count="2">zweifellige Sanduhrtrommeln</term>
    <term count="1">zweifellige Stieltrommeln</term>
    <term count="1">zweifellige Zylindertrommeln</term>
    <term count="88">Zylindertrommel</term>
    <term count="1">Zylindertrommel mit Fußmaschine</term>
    <term count="1">Zylindertrommel mit Schlaghölzern</term>
</sachbegriffe>
